,Data,Drgania,Energia,Uziarnienie
0,2021-03-25 19:00:00,93.0940949040634,484.7209225929237,0.0
1,2021-03-25 20:00:00,92.47383662747535,486.104708939921,0.0
2,2021-03-25 21:00:00,151.6194639495431,486.104708939921,0.0
3,2021-03-25 22:00:00,152.98165868023773,486.104708939921,0.0
4,2021-03-25 23:00:00,101.61234209418696,484.7209225929237,0.0
5,2021-03-26 00:00:00,86.60611177822422,484.7209225929237,0.0
6,2021-03-26 01:00:00,91.71053224949861,486.104708939921,0.0
7,2021-03-26 02:00:00,90.64691365492043,484.7209225929237,0.0
8,2021-03-26 03:00:00,91.01073453099637,486.104708939921,0.0
9,2021-03-26 04:00:00,93.33269232711588,486.104708939921,0.0
10,2021-03-26 05:00:00,110.09396531071376,484.06427649786855,0.0
11,2021-03-26 06:00:00,86.37761119801253,484.7209225929237,0.0
12,2021-03-26 07:00:00,160.16246379874684,489.3876248326983,0.0
13,2021-03-26 08:00:00,92.21029840497255,484.06427649786855,0.0
14,2021-03-26 13:00:00,92.98697011098189,486.104708939921,0.0
15,2021-03-26 14:00:00,92.95792116865445,486.104708939921,0.0
16,2021-03-26 15:00:00,92.28391436229523,484.06427649786855,0.0
17,2021-03-26 16:00:00,93.06058606830457,486.104708939921,0.0
18,2021-03-26 17:00:00,91.01073453099637,486.104708939921,0.0
19,2021-03-26 18:00:00,91.7177874363594,484.7209225929237,0.0
20,2021-03-26 19:00:00,91.67987783283634,486.104708939921,0.0
21,2021-03-26 20:00:00,90.52551564592929,484.7209225929237,0.0
22,2021-03-26 21:00:00,92.61364441253312,484.06427649786855,0.0
23,2021-03-26 22:00:00,91.58080405315832,484.06427649786855,0.0
24,2021-03-26 23:00:00,93.36126717621502,486.104708939921,0.0
25,2021-03-27 00:00:00,92.98697011098189,486.104708939921,0.0
26,2021-03-27 01:00:00,93.36126717621502,486.104708939921,0.0
27,2021-03-27 02:00:00,91.2312726355121,486.104708939921,0.0
28,2021-03-27 03:00:00,90.52551564592929,484.7209225929237,0.0
29,2021-03-27 04:00:00,98.77291542972898,486.104708939921,0.0
30,2021-03-27 05:00:00,85.89285984244142,484.7209225929237,0.0
31,2021-03-27 06:00:00,97.38988177055063,486.104708939921,0.0
32,2021-03-27 07:00:00,90.18908545531711,484.7209225929237,0.0
33,2021-03-27 08:00:00,93.0940949040634,484.7209225929237,0.0
34,2021-03-27 10:00:00,164.2876414398501,489.3876248326983,0.0
35,2021-03-27 11:00:00,90.64691365492043,484.7209225929237,0.0
36,2021-03-27 12:00:00,91.0432024995878,486.104708939921,0.0
37,2021-03-27 13:00:00,91.59490162557873,486.104708939921,0.0
38,2021-03-27 14:00:00,93.06058606830457,486.104708939921,0.0
39,2021-03-27 15:00:00,91.2312726355121,486.104708939921,0.0
40,2021-03-27 16:00:00,96.57215006410493,484.06427649786855,0.0
41,2021-03-27 17:00:00,103.46146498039987,484.06427649786855,0.0
42,2021-03-27 19:00:00,88.50549931634845,484.7209225929237,0.0
43,2021-03-27 20:00:00,96.46296985826463,486.104708939921,0.0
44,2021-03-27 21:00:00,86.83442187328268,484.7209225929237,0.0
45,2021-03-27 22:00:00,94.81279022145333,486.104708939921,0.0
46,2021-03-27 23:00:00,99.59718337175956,484.06427649786855,0.0
47,2021-03-28 00:00:00,93.36126717621502,486.104708939921,0.0
48,2021-03-28 01:00:00,160.17419309916642,489.3876248326983,0.0
49,2021-03-28 02:00:00,92.58506956343398,484.06427649786855,0.0
50,2021-03-28 04:00:00,91.71053224949861,486.104708939921,0.0
51,2021-03-28 05:00:00,91.68004902453352,486.104708939921,0.0
52,2021-03-28 06:00:00,91.71053224949861,486.104708939921,0.0
53,2021-03-28 07:00:00,91.52822122636886,486.104708939921,0.0
54,2021-03-28 08:00:00,91.72263537894082,484.7209225929237,0.0
55,2021-03-28 09:00:00,91.55988037826434,484.7209225929237,0.0
56,2021-03-28 10:00:00,92.72153411261372,484.7209225929237,0.0
57,2021-03-28 11:00:00,92.49586768198279,484.7209225929237,0.0
58,2021-03-28 12:00:00,94.73673695650231,486.104708939921,0.0
59,2021-03-28 13:00:00,93.25252083729625,484.7209225929237,0.0
60,2021-03-28 14:00:00,93.53304550001721,486.104708939921,0.0
61,2021-03-28 15:00:00,86.19979340583886,484.7209225929237,0.0
62,2021-03-28 16:00:00,88.00391401298734,484.7209225929237,0.0
63,2021-03-28 17:00:00,87.20013788607126,484.7209225929237,0.0
64,2021-03-28 18:00:00,92.52914997900467,486.104708939921,0.0
65,2021-03-28 19:00:00,95.89668478740404,484.7209225929237,0.0
66,2021-03-28 20:00:00,149.82117305768764,484.7209225929237,0.0
67,2021-03-28 21:00:00,149.82117305768764,484.7209225929237,0.0
68,2021-03-28 22:00:00,155.80891862265804,484.7209225929237,0.0
69,2021-03-28 23:00:00,94.88682723475551,484.06427649786855,0.0
70,2021-03-29 00:00:00,102.06944860642737,486.104708939921,0.0
71,2021-03-29 01:00:00,105.6318450952624,486.104708939921,0.0
72,2021-03-29 02:00:00,105.31763253128901,486.104708939921,0.0
73,2021-03-29 03:00:00,107.36887422933307,486.104708939921,0.0
74,2021-03-29 04:00:00,106.08040740287474,484.06427649786855,0.0
75,2021-03-29 05:00:00,94.93051846122775,486.104708939921,0.0
76,2021-03-29 06:00:00,86.64291985852614,484.7209225929237,0.0
77,2021-03-29 07:00:00,97.8241758194624,486.104708939921,0.0
78,2021-03-29 08:00:00,91.01073453099637,486.104708939921,0.0
79,2021-03-29 09:00:00,93.06058606830457,486.104708939921,0.0
80,2021-03-29 10:00:00,93.06058606830457,486.104708939921,0.0
81,2021-03-29 11:00:00,91.55889511610509,484.7209225929237,0.0
82,2021-03-29 12:00:00,93.06058606830457,486.104708939921,0.0
83,2021-03-29 13:00:00,93.06058606830457,486.104708939921,0.0
84,2021-03-29 14:00:00,93.06058606830457,486.104708939921,0.0
85,2021-03-29 15:00:00,160.15170573946713,489.3876248326983,0.0
86,2021-03-29 16:00:00,91.83100137491643,484.7209225929237,0.0
87,2021-03-29 17:00:00,92.58506956343398,484.06427649786855,0.0
88,2021-03-29 18:00:00,91.02277234161328,484.7209225929237,0.0
89,2021-03-29 19:00:00,92.58506956343398,484.06427649786855,0.0
90,2021-03-29 20:00:00,91.4852791587824,484.7209225929237,0.0
91,2021-03-29 21:00:00,90.54494632925014,484.7209225929237,0.0
92,2021-03-29 22:00:00,91.11838787429319,484.7209225929237,0.0
93,2021-03-29 23:00:00,90.6009011789207,484.7209225929237,0.0
94,2021-03-30 00:00:00,97.22550290153667,486.104708939921,0.0
95,2021-03-30 01:00:00,88.00140995476849,484.7209225929237,0.0
96,2021-03-30 02:00:00,92.47383662747535,486.104708939921,0.0
97,2021-03-30 03:00:00,92.78182546376944,486.104708939921,0.0
98,2021-03-30 06:00:00,91.7306438756558,484.7209225929237,0.0
99,2021-03-30 07:00:00,85.87897894371645,484.7209225929237,0.0
100,2021-03-30 08:00:00,88.50549931634845,484.7209225929237,0.0
101,2021-03-30 09:00:00,90.82143928343642,484.7209225929237,0.0
102,2021-03-30 10:00:00,92.40210835846149,486.104708939921,0.0
103,2021-03-30 11:00:00,94.93051846122775,486.104708939921,0.0
104,2021-03-30 12:00:00,172.66713316841015,489.3876248326983,0.0
105,2021-03-30 13:00:00,91.7177874363594,484.7209225929237,0.0
106,2021-03-30 14:00:00,85.93486548486696,484.7209225929237,0.0
107,2021-03-30 16:00:00,92.7297687782453,486.104708939921,0.0
108,2021-03-30 17:00:00,91.5326658122012,484.7209225929237,0.0
109,2021-03-30 19:00:00,85.87897894371645,484.7209225929237,0.0
110,2021-03-30 20:00:00,86.18588061536586,484.7209225929237,0.0
111,2021-03-30 21:00:00,91.44084404950705,486.104708939921,0.0
112,2021-03-30 22:00:00,95.96390012977638,486.104708939921,0.0
113,2021-03-30 23:00:00,86.57238296809864,484.7209225929237,0.0
114,2021-03-31 00:00:00,87.94930623763838,484.7209225929237,0.0
115,2021-03-31 01:00:00,101.61106818781454,484.06427649786855,0.0
116,2021-03-31 02:00:00,88.50549931634845,484.7209225929237,0.0
117,2021-03-31 03:00:00,92.47383662747535,486.104708939921,0.0
118,2021-03-31 04:00:00,89.1791450476791,484.7209225929237,0.0
119,2021-03-31 05:00:00,91.01073453099637,486.104708939921,0.0
120,2021-03-31 06:00:00,97.98377450897179,486.104708939921,0.0
121,2021-03-31 07:00:00,161.614487992704,489.3876248326983,0.0
122,2021-03-31 09:00:00,93.06058606830457,486.104708939921,0.0
123,2021-03-31 10:00:00,91.4018616787406,484.7209225929237,0.0
124,2021-03-31 11:00:00,86.18588061536586,484.7209225929237,0.0
125,2021-03-31 12:00:00,97.54577484846828,486.104708939921,0.0
126,2021-03-31 13:00:00,94.49034460445161,486.104708939921,0.0
127,2021-03-31 14:00:00,87.7177493181424,484.7209225929237,0.0
128,2021-03-31 17:00:00,86.60611177822422,484.7209225929237,0.0
129,2021-03-31 18:00:00,93.569915132165,486.104708939921,0.0
130,2021-03-31 21:00:00,90.93112020890725,484.7209225929237,0.0
131,2021-03-31 22:00:00,91.73475300946528,484.7209225929237,0.0
132,2021-03-31 23:00:00,88.50549931634845,484.7209225929237,0.0
133,2021-04-01 00:00:00,104.70673049556498,486.104708939921,0.0
134,2021-04-20 00:00:00,505.2048747613253,665.8521695994458,1.0
135,2021-04-20 01:00:00,538.2668030957054,665.8521695994458,1.0
136,2021-04-20 02:00:00,505.86733002490035,665.8521695994458,1.0
137,2021-04-20 03:00:00,508.02758578019035,665.8521695994458,1.0
138,2021-04-20 04:00:00,532.2686747881077,665.8521695994458,1.0
139,2021-04-20 05:00:00,516.5653937368926,665.8521695994458,1.0
140,2021-04-20 06:00:00,588.9474282447828,665.8521695994458,1.0
141,2021-04-20 07:00:00,576.2362692957823,665.8521695994458,1.0
142,2021-04-20 08:00:00,514.7518656275774,665.8521695994458,1.0
143,2021-04-20 09:00:00,587.256363265129,665.8521695994458,1.0
144,2021-04-20 10:00:00,525.6366574839711,665.8521695994458,1.0
145,2021-04-20 11:00:00,526.7439098230662,665.8521695994458,1.0
146,2021-04-20 12:00:00,580.0898390421173,665.8521695994458,1.0
147,2021-04-20 13:00:00,590.8668649057008,665.8521695994458,1.0
148,2021-04-20 14:00:00,592.1322570844909,665.8521695994458,1.0
149,2021-04-20 15:00:00,589.6154819621526,665.8521695994458,1.0
150,2021-04-20 16:00:00,568.4842344901518,665.8521695994458,1.0
151,2021-04-20 17:00:00,593.4180406181771,665.8521695994458,1.0
152,2021-04-20 18:00:00,580.0898390421173,665.8521695994458,1.0
153,2021-04-20 19:00:00,590.8668649057008,665.8521695994458,1.0
154,2021-04-20 20:00:00,507.4733094829703,665.8521695994458,1.0
155,2021-04-20 21:00:00,507.4916559603714,665.8521695994458,1.0
156,2021-04-20 22:00:00,538.2668030957054,665.8521695994458,1.0
157,2021-04-20 23:00:00,580.0898390421173,665.8521695994458,1.0
158,2021-04-21 00:00:00,568.4842344901518,665.8521695994458,1.0
159,2021-04-21 01:00:00,586.1283393589248,665.8521695994458,1.0
160,2021-04-21 02:00:00,505.86733002490035,665.8521695994458,1.0
161,2021-04-21 03:00:00,570.14973055084,665.8521695994458,1.0
162,2021-04-21 04:00:00,570.14973055084,665.8521695994458,1.0
163,2021-04-21 05:00:00,588.9474282447828,665.8521695994458,1.0
164,2021-04-21 06:00:00,505.2048747613253,665.8521695994458,1.0
165,2021-04-21 07:00:00,525.9290387193626,665.8521695994458,1.0
166,2021-04-21 08:00:00,555.4613758107259,665.8521695994458,1.0
167,2021-04-21 09:00:00,508.0451620450339,665.8521695994458,1.0
168,2021-04-21 10:00:00,505.86733002490035,665.8521695994458,1.0
169,2021-04-21 11:00:00,505.2048747613253,665.8521695994458,1.0
170,2021-04-21 12:00:00,509.94839735991525,665.8521695994458,1.0
171,2021-04-21 13:00:00,509.94839735991525,665.8521695994458,1.0
172,2021-04-21 14:00:00,505.2048747613253,665.8521695994458,1.0
173,2021-04-21 15:00:00,593.4180406181771,665.8521695994458,1.0
174,2021-04-21 16:00:00,505.72371271835146,665.8521695994458,1.0
175,2021-04-21 17:00:00,530.3001324363402,665.8521695994458,1.0
176,2021-04-21 18:00:00,582.2077810736305,665.8521695994458,1.0
177,2021-04-21 19:00:00,516.5653937368926,665.8521695994458,1.0
178,2021-04-21 20:00:00,533.1477603395618,665.8521695994458,1.0
179,2021-04-21 21:00:00,505.86733002490035,665.8521695994458,1.0
180,2021-04-21 22:00:00,505.86733002490035,665.8521695994458,1.0
181,2021-04-21 23:00:00,590.8668649057008,665.8521695994458,1.0
182,2021-04-22 00:00:00,512.5677612748818,665.8521695994458,1.0
183,2021-04-22 01:00:00,515.2057510942079,665.8521695994458,1.0
184,2021-04-22 02:00:00,517.7525368148365,665.8521695994458,1.0
185,2021-04-22 03:00:00,525.9290387193626,665.8521695994458,1.0
186,2021-04-22 04:00:00,509.94839735991525,665.8521695994458,1.0
187,2021-04-22 05:00:00,509.94839735991525,665.8521695994458,1.0
188,2021-04-22 06:00:00,505.2048747613253,665.8521695994458,1.0
189,2021-04-22 07:00:00,507.4733094829703,665.8521695994458,1.0
190,2021-04-22 08:00:00,518.5738567869785,665.8521695994458,1.0
191,2021-04-22 09:00:00,507.4733094829703,665.8521695994458,1.0
192,2021-04-22 10:00:00,649.141072587476,665.8521695994458,1.0
193,2021-04-22 11:00:00,534.2726427938455,665.8521695994458,1.0
194,2021-04-22 12:00:00,587.256363265129,665.8521695994458,1.0
195,2021-04-22 13:00:00,526.2866960326726,665.8521695994458,1.0
196,2021-04-22 14:00:00,570.14973055084,665.8521695994458,1.0
197,2021-04-22 15:00:00,470.70156657022795,611.9038309696066,1.0
198,2021-04-22 16:00:00,294.77397196804884,569.0983921883151,1.0
199,2021-04-22 17:00:00,279.4905446121672,569.0983921883151,1.0
200,2021-04-22 18:00:00,280.53440921245766,569.0983921883151,1.0
201,2021-04-22 19:00:00,294.77397196804884,569.0983921883151,1.0
202,2021-04-22 20:00:00,278.6082008968757,569.0983921883151,1.0
203,2021-04-22 21:00:00,406.4935494914973,569.0983921883151,1.0
204,2021-04-22 22:00:00,282.35594381655676,569.0983921883151,1.0
205,2021-04-22 23:00:00,281.66243311866185,569.0983921883151,1.0
206,2021-04-23 00:00:00,277.9540911304942,569.0983921883151,1.0
207,2021-04-23 01:00:00,281.66243311866185,569.0983921883151,1.0
208,2021-04-23 02:00:00,281.66243311866185,569.0983921883151,1.0
209,2021-04-23 03:00:00,281.66243311866185,569.0983921883151,1.0
210,2021-04-23 04:00:00,281.66243311866185,569.0983921883151,1.0
211,2021-04-23 05:00:00,281.66243311866185,569.0983921883151,1.0
212,2021-04-23 06:00:00,567.2317307412967,656.0405647677394,2.0
213,2021-04-23 07:00:00,590.2148822583359,656.1270962619923,2.0
214,2021-04-23 08:00:00,164.4655433608895,544.9442496582939,0.0
215,2021-04-23 09:00:00,155.77556799676083,547.4853777324854,0.0
216,2021-04-23 10:00:00,167.831710304766,547.1436775821616,0.0
217,2021-04-23 11:00:00,172.06932265384864,544.6501379339071,0.0
218,2021-04-23 12:00:00,167.59905777220845,547.1436775821616,0.0
219,2021-04-23 13:00:00,170.56842312417533,545.0334689336561,0.0
220,2021-04-23 14:00:00,167.02449050174152,544.6501379339071,0.0
221,2021-04-23 15:00:00,160.50864435511684,547.1436775821616,0.0
222,2021-04-23 16:00:00,155.70341130320563,550.4083994454417,0.0
223,2021-04-23 17:00:00,157.60207318574248,547.1436775821616,0.0
224,2021-04-23 18:00:00,158.5769152356339,547.4853777324854,0.0
225,2021-04-23 19:00:00,163.688510077731,544.6501379339071,0.0
226,2021-04-23 20:00:00,153.754977700328,550.4083994454417,0.0
227,2021-04-23 21:00:00,161.65316339005867,545.0334689336561,0.0
228,2021-04-23 22:00:00,162.5781801738486,545.257828662163,0.0
229,2021-04-23 23:00:00,165.51113718798868,545.4074358050202,0.0
230,2021-04-24 00:00:00,165.38027593258641,544.6501379339071,0.0
231,2021-04-24 01:00:00,160.84355327873675,547.4853777324854,0.0
232,2021-04-24 02:00:00,165.92082844794695,545.0334689336561,0.0
233,2021-04-24 03:00:00,186.9302584073353,547.1436775821616,1.0
234,2021-04-24 04:00:00,161.65316339005867,545.0334689336561,0.0
235,2021-04-24 05:00:00,262.86784014590916,547.4853777324854,1.0
236,2021-04-24 06:00:00,604.5587270250423,656.1270962619923,1.0
237,2021-04-24 07:00:00,518.5738567869785,665.8521695994458,1.0
238,2021-04-24 08:00:00,538.2668030957054,665.8521695994458,1.0
239,2021-04-24 09:00:00,505.29719137094247,665.8521695994458,1.0
240,2021-04-24 10:00:00,507.4733094829703,665.8521695994458,1.0
241,2021-04-24 11:00:00,516.5653937368926,665.8521695994458,1.0
242,2021-04-24 12:00:00,583.812546387794,665.8521695994458,1.0
243,2021-04-24 13:00:00,580.0898390421173,665.8521695994458,1.0
244,2021-04-24 14:00:00,505.2048747613253,665.8521695994458,1.0
245,2021-04-24 15:00:00,587.256363265129,665.8521695994458,1.0
246,2021-04-24 16:00:00,523.3111842858401,665.8521695994458,1.0
247,2021-04-24 17:00:00,515.2057510942079,665.8521695994458,1.0
248,2021-04-24 18:00:00,505.2048747613253,665.8521695994458,1.0
249,2021-04-24 19:00:00,778.3454058437829,665.8521695994458,1.0
250,2021-04-24 20:00:00,507.2161940563505,665.8521695994458,1.0
251,2021-04-24 21:00:00,505.86733002490035,665.8521695994458,1.0
252,2021-04-24 22:00:00,587.256363265129,665.8521695994458,1.0
253,2021-04-24 23:00:00,767.2427440419935,665.8521695994458,1.0
254,2021-04-25 00:00:00,505.86733002490035,665.8521695994458,1.0
255,2021-04-25 01:00:00,677.4373830578813,665.8521695994458,1.0
256,2021-04-25 02:00:00,507.4733094829703,665.8521695994458,1.0
257,2021-04-25 03:00:00,509.95568332737855,665.8521695994458,1.0
258,2021-04-25 04:00:00,516.5653937368926,665.8521695994458,1.0
259,2021-04-25 05:00:00,812.5759225828356,665.8521695994458,1.0
260,2021-04-25 06:00:00,812.5759225828356,665.8521695994458,1.0
261,2021-04-25 07:00:00,518.1588941321306,665.8521695994458,1.0
262,2021-04-25 08:00:00,507.4733094829703,665.8521695994458,1.0
263,2021-04-25 09:00:00,578.8427031631578,665.8521695994458,1.0
264,2021-04-25 10:00:00,505.86733002490035,665.8521695994458,1.0
265,2021-04-25 11:00:00,538.2668030957054,665.8521695994458,1.0
266,2021-04-25 12:00:00,509.5314135939066,665.8521695994458,1.0
267,2021-04-25 13:00:00,508.12040993807244,665.8521695994458,1.0
268,2021-04-25 14:00:00,508.3668917116801,665.8521695994458,1.0
269,2021-04-25 15:00:00,508.3668917116801,665.8521695994458,1.0
270,2021-04-25 16:00:00,504.5650099520499,665.8521695994458,1.0
271,2021-04-25 17:00:00,505.86733002490035,665.8521695994458,1.0
272,2021-04-25 18:00:00,509.95568332737855,665.8521695994458,1.0
273,2021-04-25 19:00:00,509.95568332737855,665.8521695994458,1.0
274,2021-04-25 20:00:00,511.0901376188149,665.8521695994458,1.0
275,2021-04-25 21:00:00,523.3879065329379,665.8521695994458,1.0
276,2021-04-25 22:00:00,511.0901376188149,665.8521695994458,1.0
277,2021-04-25 23:00:00,508.0451620450339,665.8521695994458,1.0
278,2021-04-26 00:00:00,678.0088758747132,665.8521695994458,1.0
279,2021-04-26 01:00:00,518.388889376276,665.8521695994458,1.0
280,2021-04-26 02:00:00,623.2677174810815,665.8521695994458,1.0
281,2021-04-26 03:00:00,510.91412954972424,665.8521695994458,1.0
282,2021-04-26 04:00:00,505.86733002490035,665.8521695994458,1.0
283,2021-04-26 05:00:00,521.7733105903807,665.8521695994458,1.0
284,2021-04-26 06:00:00,504.5650099520499,665.8521695994458,1.0
285,2021-04-26 07:00:00,505.2048747613253,665.8521695994458,1.0
286,2021-04-26 08:00:00,735.8435996132731,665.8521695994458,1.0
287,2021-04-26 09:00:00,505.2048747613253,665.8521695994458,1.0
288,2021-04-26 10:00:00,505.86733002490035,665.8521695994458,1.0
289,2021-04-26 11:00:00,507.0075741967278,665.8521695994458,1.0
290,2021-04-26 12:00:00,505.2048747613253,665.8521695994458,1.0
291,2021-04-26 13:00:00,509.94839735991525,665.8521695994458,1.0
292,2021-04-26 14:00:00,509.94839735991525,665.8521695994458,1.0
293,2021-04-26 15:00:00,505.2048747613253,665.8521695994458,1.0
294,2021-04-26 16:00:00,505.86733002490035,665.8521695994458,1.0
295,2021-04-26 17:00:00,508.02758578019035,665.8521695994458,1.0
296,2021-04-26 18:00:00,544.405162269948,665.8521695994458,1.0
297,2021-04-26 19:00:00,639.2942396768761,665.8521695994458,1.0
298,2021-04-26 20:00:00,509.94839735991525,665.8521695994458,1.0
299,2021-04-26 21:00:00,564.9703522505731,665.8521695994458,1.0
300,2021-04-26 22:00:00,587.256363265129,665.8521695994458,1.0
301,2021-04-26 23:00:00,588.9474282447828,665.8521695994458,1.0
302,2021-04-27 00:00:00,508.12040993807244,665.8521695994458,1.0
303,2021-04-27 01:00:00,586.1283393589248,665.8521695994458,1.0
304,2021-04-27 02:00:00,508.3668917116801,665.8521695994458,1.0
305,2021-04-27 03:00:00,507.4733094829703,665.8521695994458,1.0
306,2021-04-27 04:00:00,525.9290387193626,665.8521695994458,1.0
307,2021-04-27 05:00:00,526.2866960326726,665.8521695994458,1.0
308,2021-04-27 06:00:00,516.5653937368926,665.8521695994458,1.0
309,2021-04-27 07:00:00,522.5618013216431,665.8521695994458,1.0
310,2021-04-27 08:00:00,509.95568332737855,665.8521695994458,1.0
311,2021-04-27 09:00:00,513.8974896511671,665.8521695994458,1.0
312,2021-04-27 10:00:00,508.7897913709393,665.8521695994458,1.0
313,2021-04-27 11:00:00,516.5653937368926,665.8521695994458,1.0
314,2021-04-27 12:00:00,652.3645326431889,665.8521695994458,1.0
315,2021-04-27 13:00:00,735.8435996132731,665.8521695994458,1.0
316,2021-04-27 14:00:00,737.2442798447577,665.8521695994458,1.0
317,2021-04-27 15:00:00,530.0789301423974,665.8521695994458,1.0
318,2021-04-27 16:00:00,505.86733002490035,665.8521695994458,1.0
319,2021-04-27 17:00:00,530.0789301423974,665.8521695994458,1.0
320,2021-04-27 18:00:00,505.72371271835146,665.8521695994458,1.0
321,2021-04-27 19:00:00,507.2161940563505,665.8521695994458,1.0
322,2021-04-27 20:00:00,513.8974896511671,665.8521695994458,1.0
323,2021-04-27 21:00:00,583.812546387794,665.8521695994458,1.0
324,2021-04-27 22:00:00,586.1283393589248,665.8521695994458,1.0
325,2021-04-27 23:00:00,587.256363265129,665.8521695994458,1.0
326,2021-04-28 00:00:00,508.3668917116801,665.8521695994458,1.0
327,2021-04-28 01:00:00,580.0898390421173,665.8521695994458,1.0
328,2021-04-28 02:00:00,507.4733094829703,665.8521695994458,1.0
329,2021-04-28 03:00:00,505.2048747613253,665.8521695994458,1.0
330,2021-04-28 04:00:00,576.2362692957823,665.8521695994458,1.0
331,2021-04-28 05:00:00,510.91412954972424,665.8521695994458,1.0
332,2021-04-28 06:00:00,580.1711010265421,665.8521695994458,1.0
333,2021-04-28 07:00:00,509.5314135939066,665.8521695994458,1.0
334,2021-04-28 08:00:00,557.2606059063254,665.8521695994458,1.0
335,2021-04-28 09:00:00,619.0816163627483,665.8521695994458,1.0
336,2021-04-28 10:00:00,509.5314135939066,665.8521695994458,1.0
337,2021-04-28 11:00:00,509.94839735991525,665.8521695994458,1.0
338,2021-04-28 12:00:00,505.86733002490035,665.8521695994458,1.0
339,2021-04-28 13:00:00,657.1027252660928,665.8521695994458,1.0
340,2021-04-28 14:00:00,505.86733002490035,665.8521695994458,1.0
341,2021-04-28 15:00:00,509.95568332737855,665.8521695994458,1.0
342,2021-04-28 16:00:00,595.2214776270918,611.9038309696066,2.0
343,2021-04-30 05:00:00,587.256363265129,665.8521695994458,1.0
344,2021-04-30 06:00:00,612.8790043213017,665.8521695994458,1.0
345,2021-04-30 07:00:00,495.36710011904245,650.1435197290637,1.0
346,2021-04-30 10:00:00,175.4106229389543,489.3876248326983,0.0
347,2021-04-30 12:00:00,344.1233207505586,567.4106519421723,1.0
348,2021-04-30 13:00:00,505.86733002490035,665.8521695994458,1.0
349,2021-04-30 14:00:00,505.86733002490035,665.8521695994458,1.0
350,2021-04-30 15:00:00,505.2048747613253,665.8521695994458,1.0
351,2021-04-30 16:00:00,505.86733002490035,665.8521695994458,1.0
352,2021-04-30 17:00:00,505.86733002490035,665.8521695994458,1.0
353,2021-04-30 18:00:00,508.23496857278934,665.8521695994458,1.0
354,2021-04-30 19:00:00,507.2161940563505,665.8521695994458,1.0
355,2021-04-30 20:00:00,511.9668471240454,665.8521695994458,1.0
356,2021-04-30 21:00:00,654.4223688565057,665.8521695994458,1.0
357,2021-04-30 22:00:00,798.8991274168027,665.8521695994458,1.0
358,2021-04-30 23:00:00,534.2726427938455,665.8521695994458,1.0
359,2021-06-29 00:00:00,553.6583402279873,615.8225829969823,2.0
360,2021-06-29 01:00:00,539.4431753309094,615.8225829969823,2.0
361,2021-06-29 02:00:00,662.3235854431225,615.8225829969823,1.0
362,2021-06-29 03:00:00,541.3693820896451,615.8225829969823,2.0
363,2021-06-29 04:00:00,537.4169898361071,615.8225829969823,2.0
364,2021-06-29 05:00:00,537.4169898361071,615.8225829969823,2.0
365,2021-06-29 06:00:00,537.4169898361071,615.8225829969823,2.0
366,2021-06-29 07:00:00,537.5613226162636,615.8225829969823,2.0
367,2021-06-29 08:00:00,542.1110043126123,615.8225829969823,2.0
368,2021-06-29 09:00:00,537.4169898361071,615.8225829969823,2.0
369,2021-06-29 10:00:00,544.188831553526,615.8225829969823,2.0
370,2021-06-29 11:00:00,541.3693820896451,615.8225829969823,2.0
371,2021-06-29 12:00:00,553.6583402279873,615.8225829969823,2.0
372,2021-06-29 13:00:00,589.4016407235799,615.8225829969823,2.0
373,2021-06-29 14:00:00,553.6861801975934,615.8225829969823,2.0
374,2021-06-29 15:00:00,577.2040667366742,608.9824337666754,2.0
375,2021-06-29 16:00:00,532.9683011508766,613.2896860280175,2.0
376,2021-06-29 17:00:00,534.2972222649692,613.2896860280175,2.0
377,2021-06-29 18:00:00,539.4431753309094,615.8225829969823,2.0
378,2021-06-29 19:00:00,537.8385851992832,611.1888642977359,2.0
379,2021-06-29 20:00:00,542.3347650738873,615.8225829969823,2.0
380,2021-06-29 21:00:00,532.8126625174112,613.2896860280175,1.0
381,2021-06-29 22:00:00,539.4462483680745,615.8225829969823,2.0
382,2021-06-29 23:00:00,662.6805923951067,615.8225829969823,1.0
383,2021-06-30 00:00:00,573.008259198381,608.9824337666754,2.0
384,2021-06-30 01:00:00,544.9539572275895,615.8225829969823,2.0
385,2021-06-30 02:00:00,573.008259198381,608.9824337666754,2.0
386,2021-06-30 03:00:00,457.9357548290232,613.2896860280175,2.0
387,2021-06-30 04:00:00,516.0002824005865,613.2896860280175,2.0
388,2021-06-30 05:00:00,450.1795801931583,613.2896860280175,2.0
389,2021-06-30 06:00:00,471.1058541369945,615.8225829969823,1.0
390,2021-06-30 07:00:00,465.9493215884669,613.2896860280175,1.0
391,2021-06-30 08:00:00,453.2662428642556,615.8225829969823,2.0
392,2021-06-30 11:00:00,446.97015473826303,613.2896860280175,1.0
393,2021-06-30 12:00:00,457.1522949708875,615.8225829969823,1.0
394,2021-06-30 13:00:00,451.25154192409934,613.2896860280175,2.0
395,2021-06-30 14:00:00,452.8709077850511,615.8225829969823,2.0
396,2021-06-30 15:00:00,453.9478195336508,615.8225829969823,2.0
397,2021-06-30 16:00:00,469.7444812343622,613.2896860280175,2.0
398,2021-06-30 17:00:00,539.8133863584578,611.1888642977359,2.0
399,2021-06-30 18:00:00,453.3799912965949,611.1888642977359,2.0
400,2021-06-30 19:00:00,447.36548981746756,611.1888642977359,2.0
401,2021-06-30 20:00:00,447.6272271870253,613.2896860280175,2.0
402,2021-06-30 21:00:00,447.36548981746756,613.2896860280175,2.0
403,2021-06-30 22:00:00,538.8480033742156,611.1888642977359,2.0
404,2021-06-30 23:00:00,453.2662428642556,615.8225829969823,2.0
405,2021-07-01 00:00:00,467.077345494671,613.2896860280175,2.0
406,2021-07-02 00:00:00,469.3010652690046,608.9824337666754,1.0
407,2021-07-02 01:00:00,462.11743936736417,615.8225829969823,1.0
408,2021-07-02 02:00:00,452.8709077850511,615.8225829969823,1.0
409,2021-07-02 03:00:00,452.8709077850511,615.8225829969823,1.0
410,2021-07-02 04:00:00,467.077345494671,613.2896860280175,1.0
411,2021-07-02 05:00:00,472.9780985414592,615.8225829969823,1.0
412,2021-07-02 06:00:00,450.9916993530895,613.2896860280175,1.0
413,2021-07-02 07:00:00,282.35594381655676,595.3831763506234,1.0
414,2021-07-02 08:00:00,191.52775884338786,574.6125334207189,1.0
415,2021-07-02 09:00:00,294.4434691593775,574.6125334207189,1.0
416,2021-07-02 10:00:00,300.77201350740876,574.6125334207189,1.0
417,2021-07-02 11:00:00,216.0387678280419,574.6125334207189,1.0
418,2021-07-02 12:00:00,255.2797669152287,574.6125334207189,1.0
419,2021-07-02 13:00:00,258.6939497310133,574.6125334207189,1.0
420,2021-07-02 14:00:00,295.9449550926203,574.6125334207189,1.0
421,2021-07-02 15:00:00,318.3922247801178,574.6125334207189,1.0
422,2021-07-02 16:00:00,216.1160809933628,574.6125334207189,1.0
423,2021-07-02 17:00:00,180.80344552640972,574.6125334207189,1.0
424,2021-07-02 18:00:00,184.57727783090064,574.6125334207189,1.0
425,2021-07-02 19:00:00,216.0387678280419,574.6125334207189,1.0
426,2021-07-02 20:00:00,191.52775884338786,574.6125334207189,1.0
427,2021-07-02 21:00:00,216.7203358702334,574.6125334207189,1.0
428,2021-07-02 22:00:00,218.84056813394753,574.6125334207189,1.0
429,2021-07-02 23:00:00,191.52775884338786,574.6125334207189,1.0
430,2021-07-03 00:00:00,191.52775884338786,574.6125334207189,1.0
431,2021-07-04 01:00:00,580.3211687563974,608.9824337666754,1.0
432,2021-07-04 02:00:00,537.4169898361071,615.8225829969823,2.0
433,2021-07-04 03:00:00,531.8379190261523,613.2896860280175,1.0
434,2021-07-04 04:00:00,541.3693820896451,615.8225829969823,2.0
435,2021-07-04 05:00:00,553.6861801975934,615.8225829969823,1.0
436,2021-07-04 06:00:00,539.4462483680745,615.8225829969823,2.0
437,2021-07-04 07:00:00,556.7525831233443,611.1888642977359,1.0
438,2021-07-04 08:00:00,452.79556268929394,613.2896860280175,1.0
439,2021-07-04 09:00:00,463.1807946589179,611.1888642977359,1.0
440,2021-07-04 10:00:00,552.4652323698632,615.8225829969823,1.0
441,2021-07-04 11:00:00,447.7798324937243,613.2896860280175,1.0
442,2021-07-04 12:00:00,495.3390030695045,613.2896860280175,1.0
443,2021-07-04 13:00:00,643.9171870659983,615.8225829969823,1.0
444,2021-07-04 14:00:00,556.8933497789527,615.8225829969823,1.0
445,2021-07-04 15:00:00,717.446736102456,615.8225829969823,1.0
446,2021-07-04 16:00:00,725.5000039773722,615.8225829969823,1.0
447,2021-07-04 17:00:00,632.362157704472,615.8225829969823,1.0
448,2021-07-04 18:00:00,621.2719599730952,613.2896860280175,1.0
449,2021-07-04 19:00:00,682.1953319475188,613.2896860280175,1.0
450,2021-07-04 20:00:00,625.9351673817212,613.2896860280175,1.0
451,2021-07-04 21:00:00,559.9826129271877,615.8225829969823,1.0
452,2021-07-04 22:00:00,685.9977055284638,613.2896860280175,1.0
453,2021-07-04 23:00:00,605.500458662369,613.2896860280175,1.0
454,2021-07-05 00:00:00,715.7555417394027,615.8225829969823,1.0
455,2021-07-05 01:00:00,452.8709077850511,615.8225829969823,1.0
456,2021-07-05 02:00:00,472.9425820567642,608.9824337666754,1.0
457,2021-07-05 03:00:00,446.97015473826303,611.1888642977359,1.0
458,2021-07-05 04:00:00,462.11743936736417,615.8225829969823,1.0
459,2021-07-05 05:00:00,224.09993831019563,489.3876248326983,1.0
460,2021-07-05 18:00:00,221.76320685302912,571.8816855406959,1.0
461,2021-07-05 19:00:00,593.1922190951243,611.9038309696066,2.0
462,2021-07-05 20:00:00,467.1995790467387,611.9038309696066,1.0
463,2021-07-05 21:00:00,464.9040748630086,611.9038309696066,1.0
464,2021-07-05 22:00:00,596.7599769248867,611.9038309696066,2.0
465,2021-07-05 23:00:00,467.5949141259432,611.9038309696066,1.0
466,2021-07-06 00:00:00,491.0791450931238,611.9038309696066,1.0
467,2021-07-06 01:00:00,462.4479816825222,611.9038309696066,1.0
468,2021-07-06 02:00:00,583.6977507362757,611.9038309696066,2.0
469,2021-07-06 03:00:00,472.43279425355877,611.9038309696066,1.0
470,2021-07-06 04:00:00,931.7407364503721,612.066577885191,1.0
471,2021-07-06 21:00:00,811.168660091237,568.1027400559705,1.0
472,2021-07-06 22:00:00,455.1609691189566,568.1027400559705,1.0
473,2021-07-06 23:00:00,537.6753293605885,568.7831546150223,1.0
474,2021-07-07 00:00:00,456.2199747349889,568.1027400559705,1.0
475,2021-07-07 01:00:00,471.7944183099182,568.1027400559705,1.0
476,2021-07-07 02:00:00,338.8730300575377,568.1027400559705,1.0
477,2021-07-07 03:00:00,325.2818934299412,568.7831546150223,1.0
478,2021-07-07 04:00:00,338.8730300575377,568.9380349604122,1.0
479,2021-07-07 05:00:00,767.1817016060082,613.8803780140328,1.0
480,2021-07-07 07:00:00,453.140516527714,579.0142797264555,1.0
481,2021-07-07 08:00:00,850.8032220482754,578.9586117586455,1.0
482,2021-07-07 09:00:00,719.5267787348741,579.0589526677363,1.0
483,2021-07-07 10:00:00,836.9559308376749,579.0142797264555,1.0
484,2021-07-07 11:00:00,578.5601197242664,579.1531217264554,1.0
485,2021-07-07 12:00:00,850.4159296908257,578.9586117586455,1.0
486,2021-07-07 13:00:00,460.832882551932,579.0589526677363,1.0
487,2021-07-07 14:00:00,791.4892772530859,578.9586117586455,1.0
488,2021-07-07 15:00:00,447.94926039638193,579.0142797264555,1.0
489,2021-07-07 16:00:00,459.7547696455537,578.9586117586455,1.0
490,2021-07-07 17:00:00,455.58876617556757,574.417177504032,1.0
491,2021-07-07 18:00:00,467.0159306855423,578.9586117586455,1.0
492,2021-07-07 19:00:00,458.3920448226979,579.0589526677363,1.0
493,2021-07-07 20:00:00,451.34608732660206,579.1531217264554,1.0
494,2021-07-07 21:00:00,455.2588996903707,579.0589526677363,1.0
495,2021-07-07 22:00:00,450.60367250881643,579.0142797264555,1.0
496,2021-07-07 23:00:00,461.80785137579096,575.6733597836533,1.0
497,2021-07-08 00:00:00,263.1121278190108,574.6125334207189,1.0
498,2021-07-08 01:00:00,327.4878272484419,574.6125334207189,1.0
499,2021-07-08 02:00:00,310.5366203709939,574.6125334207189,1.0
500,2021-07-08 03:00:00,265.5633761657236,574.6125334207189,1.0
501,2021-07-08 04:00:00,285.4392963172629,574.6125334207189,1.0
502,2021-07-08 05:00:00,312.03468013746755,569.0983921883151,1.0
503,2021-07-08 06:00:00,567.6954573168688,615.9154845548803,1.0
504,2021-07-08 07:00:00,591.0862201827272,615.5289557137955,1.0
505,2021-07-08 08:00:00,863.6341210120556,615.9154845548803,1.0
506,2021-07-08 09:00:00,904.4782798878734,615.9154845548803,1.0
507,2021-07-08 10:00:00,570.6340569288543,615.7867762597979,1.0
508,2021-07-08 11:00:00,571.4896619496756,615.5289557137955,1.0
509,2021-07-08 12:00:00,945.4071332770774,615.5289557137955,1.0
510,2021-07-08 17:00:00,532.6698926105747,615.9154845548803,1.0
511,2021-07-08 18:00:00,498.42157561836694,615.5289557137955,1.0
512,2021-07-08 19:00:00,505.70959916316014,613.8803780140328,1.0
513,2021-07-08 20:00:00,504.2345289042397,615.9154845548803,1.0
514,2021-07-08 21:00:00,579.3525635676826,615.5289557137955,1.0
515,2021-07-08 22:00:00,495.1179158608896,614.013254779987,1.0
516,2021-07-08 23:00:00,498.42157561836694,615.5289557137955,1.0
517,2021-07-09 00:00:00,494.02316723372536,616.3252555269759,1.0
518,2021-07-09 01:00:00,945.4071332770774,615.5289557137955,1.0
519,2021-07-09 02:00:00,569.273131366572,615.7867762597979,1.0
520,2021-07-09 16:00:00,577.2696594509487,613.8803780140328,1.0
521,2021-07-09 17:00:00,944.459985314271,616.4802251606786,1.0
522,2021-07-09 18:00:00,586.4046812156258,615.5289557137955,1.0
523,2021-07-09 19:00:00,510.80980620441045,615.9154845548803,1.0
524,2021-07-09 20:00:00,504.28136907843793,616.4802251606786,1.0
525,2021-07-09 21:00:00,518.2672074170179,613.8803780140328,1.0
526,2021-07-09 22:00:00,496.77999568233895,615.9154845548803,1.0
527,2021-07-09 23:00:00,501.17842978587333,616.4802251606786,1.0
528,2021-07-10 00:00:00,513.9567819104675,615.7426392288864,1.0
529,2021-07-10 01:00:00,510.80980620441045,615.9154845548803,1.0
530,2021-07-10 02:00:00,514.9328526705048,615.7867762597979,1.0
531,2021-07-10 03:00:00,516.6047532564435,616.4802251606786,1.0
532,2021-07-10 04:00:00,510.39347252634894,616.3252555269759,1.0
533,2021-07-10 05:00:00,511.55402670267097,615.9154845548803,1.0
534,2021-07-10 06:00:00,501.8336273801579,615.9154845548803,1.0
535,2021-07-10 07:00:00,518.0741591263736,615.5289557137955,1.0
536,2021-07-10 08:00:00,500.35866643086956,615.9154845548803,1.0
537,2021-07-10 09:00:00,575.6731436171748,615.9154845548803,1.0
538,2021-07-10 10:00:00,512.377561508684,616.4802251606786,1.0
539,2021-07-10 11:00:00,515.4767293502392,616.4802251606786,1.0
540,2021-07-10 12:00:00,506.1272224535893,616.3252555269759,1.0
541,2021-07-10 13:00:00,510.46625877921906,616.4802251606786,1.0
542,2021-07-10 14:00:00,509.768667814841,616.3252555269759,1.0
543,2021-07-10 15:00:00,513.3039355732413,615.7867762597979,1.0
544,2021-07-10 16:00:00,504.28136907843793,616.4802251606786,1.0
545,2021-07-10 17:00:00,567.2854439978324,616.3252555269759,1.0
546,2021-07-10 18:00:00,506.1272224535893,615.7426392288864,1.0
547,2021-07-10 19:00:00,511.13769302460946,616.3252555269759,1.0
548,2021-07-10 20:00:00,227.18882407164608,489.3876248326983,1.0
549,2021-07-11 08:00:00,497.0398382533488,615.9154845548803,1.0
550,2021-07-11 09:00:00,493.02369405884605,615.7867762597979,1.0
551,2021-07-11 10:00:00,500.556041076003,615.7867762597979,1.0
552,2021-07-11 11:00:00,499.1490048710924,616.3252555269759,1.0
553,2021-07-11 12:00:00,574.1650175981271,615.7426392288864,1.0
554,2021-07-11 13:00:00,501.38238807310086,615.9154845548803,1.0
555,2021-07-11 14:00:00,498.42157561836694,615.6160411333584,1.0
556,2021-07-11 15:00:00,590.2865412475436,613.9481158910982,1.0
557,2021-07-11 16:00:00,504.09543368174656,613.9481158910982,1.0
558,2021-07-11 17:00:00,507.64050512477087,613.9481158910982,1.0
559,2021-07-11 18:00:00,514.906710651429,613.9730303932627,1.0
560,2021-07-11 19:00:00,515.6000716773268,613.8609470599293,1.0
561,2021-07-11 20:00:00,515.6000716773268,613.8803780140328,1.0
562,2021-07-11 21:00:00,515.4070233866826,615.4430591369018,1.0
563,2021-07-11 22:00:00,503.083639208677,615.2802137141701,1.0
564,2021-07-11 23:00:00,517.0980883663364,615.5289557137955,1.0
565,2021-07-12 00:00:00,508.4548588611157,615.6566026718644,1.0
566,2021-07-12 01:00:00,510.39347252634894,615.9853403340876,1.0
567,2021-07-12 02:00:00,744.6821053422817,616.3252555269759,1.0
568,2021-07-12 03:00:00,512.2657169308137,615.7906587777287,1.0
569,2021-07-12 04:00:00,501.4172937020963,615.6659084596557,1.0
570,2021-07-12 05:00:00,498.7581368533194,615.7426392288864,1.0
571,2021-07-12 06:00:00,511.5852073807521,615.5414237872551,1.0
572,2021-07-12 07:00:00,511.60784522844267,615.5725530834907,1.0
573,2021-07-12 08:00:00,498.4698539754551,615.5392356991207,1.0
574,2021-07-12 09:00:00,498.98920819473267,615.7014429581873,1.0
575,2021-07-12 10:00:00,565.7358456626639,615.5725530834907,1.0
576,2021-07-12 11:00:00,576.8662514752991,615.9154845548803,1.0
577,2021-07-12 12:00:00,588.5966042778672,615.9154845548803,1.0
578,2021-07-12 13:00:00,849.6810405426436,616.3252555269759,1.0
579,2021-07-12 14:00:00,814.6602177451455,615.7867762597979,1.0
580,2021-07-12 15:00:00,511.0458340260575,614.013254779987,1.0
581,2021-07-12 16:00:00,505.70959916316014,613.8803780140328,1.0
582,2021-07-12 17:00:00,518.2672074170179,613.8803780140328,1.0
583,2021-07-12 18:00:00,511.55402670267097,615.9154845548803,1.0
584,2021-07-12 19:00:00,503.0246156276141,616.4802251606786,1.0
585,2021-07-12 20:00:00,499.2679833103891,615.5289557137955,1.0
586,2021-07-12 21:00:00,506.8631594849301,615.7867762597979,1.0
587,2021-07-12 22:00:00,516.6047532564435,616.4802251606786,1.0
588,2021-07-12 23:00:00,493.44002773690767,615.9154845548803,1.0
589,2021-07-13 00:00:00,514.4284353561145,616.4802251606786,1.0
590,2021-07-13 01:00:00,600.9651789173972,615.5289557137955,1.0
591,2021-07-13 02:00:00,581.8558291938048,616.4802251606786,1.0
592,2021-07-13 03:00:00,494.43950091178687,615.9154845548803,1.0
593,2021-07-13 04:00:00,514.4284353561145,616.4802251606786,1.0
594,2021-07-13 05:00:00,501.38238807310086,615.9154845548803,1.0
595,2021-07-13 06:00:00,590.3594166581464,615.7867762597979,1.0
596,2021-07-13 07:00:00,562.3547542275791,613.8803780140328,1.0
597,2021-07-13 08:00:00,596.8846055316181,613.8803780140328,1.0
598,2021-07-13 09:00:00,504.52756522872824,615.5289557137955,1.0
599,2021-07-13 10:00:00,568.660840301111,615.9154845548803,1.0
600,2021-07-13 11:00:00,499.1613874979548,613.9481158910982,1.0
601,2021-07-13 12:00:00,783.9202068365374,609.2881257021547,1.0
602,2021-07-13 13:00:00,947.396869960369,661.4080546066778,1.0
603,2021-07-13 14:00:00,574.0807354844217,661.4080546066778,2.0
604,2021-07-13 15:00:00,915.105848381094,661.4080546066778,1.0
605,2021-07-13 16:00:00,734.2926417207294,661.4080546066778,1.0
606,2021-07-13 17:00:00,762.7781063623934,656.1804498868925,1.0
607,2021-07-13 18:00:00,809.1613019487701,661.4080546066778,1.0
608,2021-07-13 19:00:00,574.0807354844217,661.4080546066778,2.0
609,2021-07-13 20:00:00,812.6464281840987,661.4080546066778,1.0
610,2021-07-13 21:00:00,714.9567364660143,661.4080546066778,2.0
611,2021-07-13 22:00:00,691.690234774972,656.1804498868925,1.0
612,2021-07-13 23:00:00,557.7587841088866,661.4080546066778,2.0
613,2021-07-14 00:00:00,927.6556844866311,661.4080546066778,1.0
614,2021-07-14 01:00:00,712.0971504015367,661.4080546066778,2.0
615,2021-07-14 02:00:00,716.5467831042445,656.1804498868925,1.0
616,2021-07-14 03:00:00,770.7968600216942,661.4080546066778,1.0
617,2021-07-14 04:00:00,713.9377478940512,661.4080546066778,2.0
618,2021-07-14 05:00:00,769.7284206850331,661.4080546066778,1.0
619,2021-07-14 06:00:00,557.7587841088866,661.4080546066778,2.0
620,2021-07-14 07:00:00,713.9377478940512,661.4080546066778,2.0
621,2021-07-14 08:00:00,713.1656538743651,661.4080546066778,2.0
622,2021-07-14 09:00:00,718.3150813604178,661.4080546066778,2.0
623,2021-07-14 10:00:00,718.3150813604178,661.4080546066778,2.0
624,2021-07-14 11:00:00,727.9304625252088,661.4080546066778,2.0
625,2021-07-14 12:00:00,726.3732031031094,661.4080546066778,2.0
626,2021-07-14 13:00:00,941.4398004707946,661.4080546066778,1.0
627,2021-07-14 14:00:00,899.0972623554023,661.4080546066778,1.0
628,2021-07-14 15:00:00,719.980131874655,661.4080546066778,2.0
629,2021-07-14 16:00:00,719.2876101257726,661.4080546066778,2.0
630,2021-07-14 17:00:00,734.2926417207294,661.4080546066778,1.0
631,2021-07-14 18:00:00,614.6788400933676,659.4286233512928,2.0
632,2021-07-14 19:00:00,711.7742823841562,661.4080546066778,2.0
633,2021-07-14 20:00:00,714.4697632744405,661.4080546066778,2.0
634,2021-07-14 21:00:00,712.5159046071235,661.4080546066778,2.0
635,2021-07-14 22:00:00,677.6655960880112,661.4080546066778,2.0
636,2021-07-14 23:00:00,718.3150813604178,661.4080546066778,2.0
637,2021-07-15 00:00:00,711.7742823841562,661.4080546066778,2.0
638,2021-07-15 01:00:00,713.9377478940512,661.4080546066778,2.0
639,2021-07-15 02:00:00,711.7742823841562,661.4080546066778,2.0
640,2021-07-15 03:00:00,688.9923037338849,656.1804498868925,2.0
641,2021-07-15 04:00:00,713.1656538743651,661.4080546066778,2.0
642,2021-07-15 05:00:00,577.4340994411006,609.9835208191345,2.0
643,2021-07-15 06:00:00,557.0963288453115,661.4080546066778,2.0
644,2021-07-15 07:00:00,577.6467283789465,661.4080546066778,2.0
645,2021-07-15 08:00:00,556.7563665640193,661.4080546066778,2.0
646,2021-07-15 09:00:00,717.1842215959502,661.4080546066778,2.0
647,2021-07-15 10:00:00,562.525416163344,661.4080546066778,2.0
648,2021-07-15 11:00:00,561.9246006339473,661.4080546066778,2.0
649,2021-07-15 12:00:00,545.0908740384679,659.4286233512928,2.0
650,2021-07-15 13:00:00,553.2275207801279,661.4080546066778,2.0
651,2021-07-15 14:00:00,712.5159046071235,661.4080546066778,2.0
652,2021-07-15 15:00:00,712.0971504015367,661.4080546066778,2.0
653,2021-07-15 16:00:00,583.6506461045126,661.4080546066778,2.0
654,2021-07-15 17:00:00,584.9364296381987,661.4080546066778,2.0
655,2021-07-15 18:00:00,578.3348773871965,661.4080546066778,2.0
656,2021-07-15 19:00:00,640.0001201796185,661.4080546066778,2.0
657,2021-07-15 20:00:00,561.3923853942708,661.4080546066778,2.0
658,2021-07-15 21:00:00,553.2275207801279,661.4080546066778,2.0
659,2021-07-15 22:00:00,550.144190133109,659.4286233512928,2.0
660,2021-07-15 23:00:00,557.7587841088866,661.4080546066778,2.0
661,2021-07-16 00:00:00,711.7742823841562,661.4080546066778,2.0
662,2021-07-16 01:00:00,685.4519781870798,659.4286233512928,1.0
663,2021-07-16 02:00:00,769.7284206850331,661.4080546066778,1.0
664,2021-07-16 03:00:00,814.1436528376955,661.4080546066778,1.0
665,2021-07-16 04:00:00,788.3080364674988,661.4080546066778,1.0
666,2021-07-16 05:00:00,755.56471078351,650.1435197290637,1.0
667,2021-07-16 06:00:00,773.1267155084844,661.4080546066778,1.0
668,2021-07-16 07:00:00,771.1195567503578,661.4080546066778,1.0
669,2021-07-16 08:00:00,754.7112017497998,659.4286233512928,1.0
670,2021-07-16 09:00:00,782.5823206369776,659.4286233512928,1.0
671,2021-07-16 10:00:00,762.3213805445102,659.4286233512928,1.0
672,2021-07-16 11:00:00,790.1212438289024,661.4080546066778,1.0
673,2021-07-16 12:00:00,913.2007406454151,661.4080546066778,1.0
674,2021-07-16 13:00:00,861.404115972278,659.4286233512928,1.0
675,2021-07-16 14:00:00,767.4714615656277,659.4286233512928,1.0
676,2021-07-16 15:00:00,716.810624506084,659.4286233512928,1.0
677,2021-07-16 16:00:00,874.9765116085822,661.4080546066778,1.0
678,2021-07-16 17:00:00,770.707693505693,661.4080546066778,1.0
679,2021-07-16 18:00:00,814.1436528376955,661.4080546066778,1.0
680,2021-07-16 19:00:00,771.3623572473557,661.4080546066778,1.0
681,2021-07-16 20:00:00,738.7539988637209,661.4080546066778,1.0
682,2021-07-16 21:00:00,757.8381009881438,659.4286233512928,1.0
683,2021-07-16 22:00:00,788.3639459672452,661.4080546066778,1.0
684,2021-07-16 23:00:00,814.1436528376955,661.4080546066778,1.0
